,id,city,team1,team2,toss_winner,toss_decision,result,dl_applied,winner,win_by_runs,win_by_wickets,venue
0,1,0.0,0,6,6,0,0,0,0.0,140,0,0
1,2,1.0,1,5,1,1,0,0,1.0,33,0,1
2,3,2.0,2,7,2,1,0,0,7.0,0,9,2
3,4,3.0,3,6,3,1,0,0,6.0,0,5,3
4,5,4.0,4,0,4,1,0,0,0.0,0,5,4
5,6,5.0,5,2,5,1,0,0,2.0,0,6,5
6,7,6.0,4,7,4,1,0,0,7.0,0,9,6
7,8,7.0,1,3,3,0,0,0,1.0,6,0,7
8,9,6.0,4,2,2,0,0,0,2.0,0,3,6
9,10,1.0,5,3,3,0,0,0,5.0,66,0,1
10,11,0.0,6,2,2,0,0,0,2.0,0,7,0
11,12,7.0,0,1,0,1,0,0,1.0,0,9,7
12,13,3.0,3,4,4,0,0,0,4.0,0,10,8
13,14,1.0,7,5,7,1,0,0,5.0,0,4,1
14,15,0.0,1,6,1,1,0,0,1.0,13,0,0
15,16,4.0,0,3,0,1,0,0,3.0,0,7,4
16,17,2.0,7,6,6,0,0,0,7.0,10,0,2
17,18,6.0,4,5,5,0,0,0,5.0,0,7,6
18,19,5.0,2,0,2,1,0,0,2.0,45,0,5
19,20,7.0,1,7,1,1,0,0,7.0,0,8,7
20,21,6.0,4,6,4,1,0,0,6.0,0,5,6
21,22,1.0,5,0,5,1,0,0,5.0,9,0,1
22,23,3.0,3,7,7,0,0,0,3.0,29,0,8
23,24,5.0,1,2,1,1,0,0,2.0,0,8,5
24,25,0.0,6,5,5,0,0,0,5.0,0,6,0
25,26,7.0,1,4,4,0,0,0,4.0,0,7,7
26,27,3.0,2,3,3,0,0,0,3.0,0,7,8
27,28,2.0,7,1,1,0,0,0,1.0,0,4,2
28,29,4.0,0,6,0,1,0,0,0.0,5,0,4
29,30,5.0,4,2,2,0,0,0,2.0,0,8,5
30,31,0.0,6,3,3,0,0,0,3.0,0,9,0
31,32,7.0,1,5,5,0,0,0,1.0,18,0,7
32,33,6.0,0,4,0,1,0,0,0.0,23,0,6
33,34,5.0,7,2,2,0,0,0,2.0,0,3,5
34,35,1.0,6,5,6,1,0,0,5.0,0,9,1
35,36,4.0,0,7,0,1,0,0,0.0,23,0,4
36,37,3.0,1,3,3,0,0,0,3.0,0,9,3
37,38,1.0,5,2,2,0,0,0,5.0,41,0,1
38,39,2.0,7,4,4,0,0,0,7.0,12,0,2
39,40,3.0,0,3,3,0,0,0,3.0,0,8,3
40,41,2.0,7,5,7,1,0,1,5.0,6,0,2
41,42,5.0,2,6,6,0,0,0,2.0,65,0,5
42,43,6.0,3,4,4,0,0,0,3.0,25,0,6
43,44,4.0,0,1,0,1,0,1,1.0,3,0,4
44,45,0.0,6,7,7,0,0,0,7.0,0,5,0
45,46,4.0,0,2,2,0,0,0,2.0,0,6,4
46,47,3.0,5,3,3,0,0,0,5.0,1,0,3
47,48,7.0,6,1,6,1,0,0,6.0,14,0,7
48,49,1.0,4,5,5,0,0,0,5.0,0,6,1
49,50,2.0,3,7,7,0,0,0,7.0,0,5,2
50,51,7.0,2,1,2,1,0,0,2.0,10,0,7
51,52,0.0,6,4,4,0,0,0,6.0,3,0,0
52,53,4.0,5,0,5,1,0,0,0.0,0,3,4
53,54,5.0,3,2,2,0,0,0,2.0,0,5,5
54,55,6.0,4,1,4,1,0,0,1.0,0,7,6
55,56,3.0,2,7,7,0,0,0,2.0,105,0,3
56,57,3.0,5,1,5,1,0,0,1.0,0,9,3
57,58,3.0,1,2,2,0,0,0,2.0,0,3,8
58,59,8.0,3,1,1,0,0,0,3.0,19,0,9
59,60,8.0,6,2,6,1,0,0,6.0,75,0,9
60,61,8.0,5,7,7,0,0,1,7.0,0,10,9
61,62,8.0,0,4,0,1,0,0,4.0,0,8,9
62,63,9.0,1,6,1,1,0,0,1.0,92,0,10
63,64,10.0,5,0,0,0,0,1,0.0,11,0,11
64,65,8.0,4,6,4,1,0,0,4.0,24,0,9
65,66,10.0,7,1,7,1,0,0,7.0,9,0,11
66,67,8.0,2,0,0,0,1,0,2.0,0,0,9
67,68,10.0,6,5,6,1,0,0,5.0,0,7,11
68,69,10.0,4,3,4,1,0,0,4.0,12,0,11
69,70,9.0,6,7,6,1,0,0,7.0,0,6,10
70,71,8.0,5,2,5,1,0,0,5.0,27,0,9
71,72,10.0,1,4,4,0,0,0,4.0,0,6,11
72,73,9.0,3,0,3,1,0,0,3.0,92,0,10
73,74,11.0,7,2,7,1,0,0,2.0,0,5,12
74,75,10.0,0,6,0,1,0,0,6.0,0,5,11
75,76,10.0,5,3,5,1,0,0,5.0,3,0,11
76,77,11.0,4,7,7,0,0,0,7.0,0,6,12
77,78,11.0,1,2,2,0,0,0,1.0,38,0,12
78,79,12.0,3,0,3,1,0,0,3.0,9,0,13
79,80,10.0,6,5,6,1,0,0,6.0,8,0,11
80,81,9.0,4,2,4,1,0,0,2.0,0,3,10
81,82,13.0,1,7,7,0,0,0,1.0,18,0,14
82,83,9.0,0,5,0,1,0,0,5.0,0,6,10
83,84,13.0,3,6,3,1,0,0,6.0,0,9,14
84,85,12.0,1,4,1,1,0,0,1.0,78,0,13
85,86,10.0,2,5,5,0,0,0,2.0,78,0,11
86,87,10.0,0,7,0,1,0,0,7.0,0,9,11
87,88,11.0,4,3,4,1,0,0,4.0,19,0,12
88,89,11.0,6,2,2,0,0,0,2.0,0,7,12
89,90,11.0,1,5,1,1,0,1,1.0,12,0,12
90,91,12.0,3,7,3,1,0,0,7.0,0,7,13
91,92,14.0,4,5,5,0,0,0,5.0,0,3,15
92,93,14.0,2,1,2,1,0,0,1.0,0,7,15
93,94,9.0,3,6,3,1,0,0,3.0,16,0,10
94,95,13.0,0,7,7,0,0,0,7.0,0,7,14
95,96,14.0,4,2,4,1,0,0,4.0,53,0,15
96,97,11.0,0,6,6,0,0,0,6.0,0,6,12
97,98,11.0,5,3,5,1,0,0,3.0,0,8,12
98,99,10.0,7,4,4,0,0,0,7.0,12,0,11
99,100,10.0,1,6,1,1,0,0,6.0,0,2,11
100,101,10.0,2,3,2,1,0,0,2.0,2,0,11
101,102,15.0,7,5,5,0,0,0,5.0,0,6,16
102,103,9.0,3,1,3,1,0,0,1.0,0,7,10
103,104,13.0,0,4,4,0,0,0,4.0,0,6,14
104,105,13.0,5,4,4,0,0,0,5.0,1,0,14
105,106,15.0,7,2,7,1,0,0,7.0,14,0,16
106,107,11.0,1,0,1,1,0,0,0.0,0,7,12
107,108,13.0,7,6,7,1,0,0,6.0,0,7,14
108,109,10.0,2,0,0,0,0,0,0.0,0,4,11
109,110,10.0,1,5,1,1,0,0,1.0,24,0,11
110,111,11.0,3,7,7,0,0,0,7.0,0,4,12
111,112,11.0,6,4,6,1,0,0,6.0,12,0,12
112,113,11.0,7,4,4,0,0,0,4.0,0,6,12
113,114,13.0,1,6,6,0,0,0,6.0,0,6,14
114,115,13.0,4,6,6,0,0,0,4.0,6,0,14
115,116,3.0,0,4,4,0,0,0,0.0,11,0,8
116,117,3.0,3,2,3,1,0,0,3.0,4,0,17
117,118,1.0,5,7,7,0,0,0,7.0,0,5,1
118,119,4.0,6,0,0,0,0,0,0.0,0,7,4
119,120,7.0,4,1,4,1,0,0,4.0,31,0,7
120,121,16.0,2,7,7,0,0,0,7.0,0,6,18
121,122,0.0,5,6,5,1,0,0,6.0,0,8,0
122,123,4.0,1,0,1,1,0,0,1.0,55,0,4
123,124,2.0,3,7,7,0,0,0,3.0,98,0,2
124,125,0.0,2,6,6,0,0,0,6.0,0,10,0
125,126,2.0,7,1,7,1,0,0,1.0,0,5,2
126,127,17.0,4,5,5,0,0,0,4.0,6,0,19
127,128,16.0,2,0,2,1,0,0,2.0,34,0,18
128,129,3.0,3,6,3,1,0,0,6.0,0,7,17
129,130,17.0,4,7,4,1,0,0,4.0,10,0,19
130,131,7.0,5,1,1,0,1,0,5.0,0,0,7
131,132,3.0,0,3,0,1,0,0,3.0,0,7,17
132,133,0.0,6,1,1,0,0,0,6.0,36,0,0
133,134,1.0,2,5,5,0,0,0,2.0,31,0,1
134,135,3.0,1,3,3,0,0,0,3.0,0,5,17
135,136,16.0,4,2,4,1,0,0,2.0,0,8,18
136,137,1.0,0,5,0,1,0,0,0.0,39,0,1
137,138,0.0,7,6,6,0,0,0,7.0,17,0,0
138,139,16.0,2,1,2,1,0,0,2.0,17,0,18
139,140,3.0,3,4,4,0,0,0,3.0,41,0,8
140,141,2.0,7,0,7,1,0,0,7.0,40,0,2
141,142,3.0,5,3,3,0,0,0,3.0,0,4,17
142,143,7.0,6,1,6,1,0,0,1.0,0,5,7
143,144,2.0,7,2,7,1,0,0,7.0,67,0,2
144,145,4.0,0,4,0,1,0,0,0.0,24,0,4
145,146,1.0,5,6,5,1,0,0,6.0,0,6,1
146,147,7.0,1,2,1,1,0,0,1.0,23,0,7
147,148,3.0,3,4,3,1,0,0,3.0,63,0,17
148,149,4.0,0,5,0,1,0,0,5.0,0,8,4
149,150,2.0,7,6,7,1,0,0,7.0,37,0,2
150,151,18.0,2,4,2,1,0,0,2.0,2,0,20
151,152,7.0,1,3,1,1,0,0,1.0,24,0,7
152,153,5.0,5,2,5,1,0,0,2.0,0,9,5
153,154,4.0,0,7,0,1,0,0,0.0,14,0,4
154,155,0.0,6,4,4,0,0,0,4.0,0,7,0
155,156,1.0,3,5,3,1,0,0,5.0,0,6,1
156,157,18.0,1,4,1,1,0,0,4.0,0,6,20
157,158,0.0,0,6,6,0,0,0,6.0,0,7,0
158,159,2.0,7,5,7,1,0,0,5.0,0,7,2
159,160,5.0,3,2,2,0,0,0,3.0,37,0,5
160,161,18.0,4,6,6,0,0,0,4.0,13,0,20
161,162,3.0,3,7,3,1,0,0,3.0,39,0,17
162,163,7.0,0,1,0,1,0,0,1.0,0,9,7
163,164,5.0,2,6,2,1,0,0,6.0,0,5,5
164,165,7.0,1,7,1,1,0,0,7.0,0,6,7
165,166,19.0,5,4,4,0,0,0,4.0,0,5,21
166,167,0.0,3,6,6,0,0,0,3.0,57,0,0
167,168,4.0,2,0,2,1,0,0,0.0,0,8,4
168,169,19.0,5,1,1,0,0,0,1.0,0,6,21
169,170,2.0,4,7,4,1,0,0,4.0,11,0,2
170,171,4.0,3,0,3,1,0,0,0.0,0,9,4
171,172,3.0,3,6,3,1,0,0,3.0,35,0,8
172,173,3.0,1,4,1,1,0,0,1.0,38,0,8
173,174,3.0,4,6,4,1,0,0,6.0,0,9,8
174,175,3.0,1,3,1,1,0,0,1.0,22,0,8
175,176,7.0,1,0,1,1,0,0,1.0,2,0,7
176,177,6.0,4,2,2,0,0,0,2.0,0,8,6
177,178,20.0,8,6,8,1,0,0,6.0,0,6,22
178,179,2.0,7,3,7,1,0,0,3.0,0,8,2
179,180,3.0,5,9,5,1,0,0,9.0,0,7,8
180,181,4.0,0,4,0,1,0,0,0.0,9,0,4
181,182,5.0,7,2,7,1,0,0,2.0,0,6,5
182,183,0.0,6,3,3,0,0,0,3.0,0,9,0
183,184,1.0,1,5,5,0,0,0,5.0,0,6,1
184,185,3.0,8,9,8,1,0,0,9.0,0,4,8
185,186,6.0,4,6,6,0,0,0,4.0,33,0,6
186,187,5.0,2,0,0,0,0,0,0.0,0,9,5
187,188,3.0,3,8,8,0,0,0,8.0,0,8,3
188,189,7.0,1,6,1,1,0,0,1.0,21,0,7
189,190,6.0,4,5,5,0,0,0,5.0,0,8,6
190,191,3.0,9,7,7,0,0,0,7.0,0,3,8
191,192,4.0,2,0,0,0,0,0,0.0,0,8,4
192,193,20.0,1,8,8,0,0,1,8.0,0,7,22
193,194,2.0,4,7,4,1,0,0,4.0,16,0,2
194,195,3.0,9,3,9,1,0,0,3.0,0,7,3
195,196,4.0,8,0,0,0,0,0,8.0,6,0,4
196,197,1.0,5,2,2,0,0,0,5.0,48,0,1
197,198,3.0,3,1,1,0,0,0,3.0,8,0,3
198,199,4.0,0,6,6,0,0,0,6.0,0,9,4
199,200,2.0,7,5,5,0,0,0,7.0,29,0,2
200,201,6.0,3,4,4,0,0,0,3.0,37,0,6
201,202,5.0,8,2,2,0,0,0,2.0,0,8,5
202,203,7.0,1,9,9,0,0,0,1.0,25,0,7
203,204,2.0,7,6,6,0,0,0,6.0,0,3,2
204,205,3.0,9,1,9,1,0,0,1.0,0,8,8
205,206,20.0,4,8,8,0,0,0,4.0,55,0,22
206,207,2.0,0,7,7,0,0,0,0.0,17,0,2
207,208,5.0,3,2,2,0,0,0,2.0,0,7,5
208,209,0.0,6,9,9,0,0,0,6.0,26,0,0
209,210,20.0,7,8,7,1,0,0,7.0,38,0,22
210,211,4.0,5,0,0,0,0,0,0.0,0,8,4
211,212,5.0,9,2,2,0,0,0,2.0,0,6,5
212,213,7.0,1,4,1,1,0,0,1.0,19,0,7
213,214,3.0,3,5,5,0,0,0,3.0,23,0,3
214,215,2.0,7,8,8,0,0,0,8.0,0,7,2
215,216,6.0,0,4,4,0,0,0,0.0,20,0,6
216,217,7.0,2,1,2,1,0,0,1.0,0,8,7
217,218,3.0,3,9,9,0,0,0,3.0,21,0,8
218,219,20.0,8,0,0,0,0,0,8.0,17,0,22
219,220,6.0,4,7,7,0,0,0,7.0,0,4,6
220,221,0.0,6,5,5,0,0,0,6.0,85,0,0
221,222,4.0,1,0,1,1,0,1,0.0,10,0,4
222,223,3.0,3,7,7,0,0,0,3.0,32,0,3
223,224,0.0,8,6,8,1,0,0,6.0,0,9,0
224,225,1.0,5,9,5,1,0,0,9.0,0,5,1
225,226,5.0,1,2,2,0,0,0,1.0,63,0,5
226,227,6.0,4,9,4,1,0,0,9.0,0,6,6
227,228,1.0,5,3,3,0,0,0,5.0,76,0,1
228,229,5.0,2,6,6,0,0,0,6.0,0,9,5
229,230,7.0,1,7,1,1,0,0,1.0,18,0,7
230,231,21.0,8,5,5,0,0,0,5.0,0,6,23
231,232,0.0,0,6,6,0,0,1,6.0,0,4,0
232,233,3.0,4,3,4,1,0,0,4.0,10,0,3
233,234,19.0,5,7,7,0,0,0,5.0,29,0,21
234,235,21.0,2,8,8,0,0,0,8.0,0,8,23
235,236,3.0,9,4,4,0,0,0,4.0,0,6,8
236,237,19.0,5,6,5,1,0,0,5.0,111,0,21
237,238,7.0,1,8,1,1,0,0,1.0,11,0,7
238,239,3.0,9,0,0,0,0,0,0.0,0,7,8
239,240,3.0,3,2,3,1,0,0,2.0,0,10,3
240,241,19.0,4,5,5,0,0,0,4.0,82,0,21
241,242,2.0,7,9,7,1,2,0,,0,0,2
242,243,0.0,1,6,6,0,0,0,6.0,0,8,0
243,244,4.0,0,3,3,0,0,0,3.0,0,5,4
244,245,3.0,6,1,1,0,0,0,1.0,0,6,3
245,246,3.0,0,3,3,0,0,0,3.0,0,4,3
246,247,7.0,6,3,3,0,0,0,6.0,43,0,7
247,248,7.0,1,6,1,1,0,0,1.0,58,0,7
248,249,7.0,1,3,3,0,0,0,3.0,0,8,7
249,250,4.0,0,7,7,0,0,0,7.0,0,8,4
250,251,3.0,9,3,3,0,0,0,9.0,28,0,3
251,252,5.0,2,5,5,0,0,0,2.0,31,0,5
252,253,0.0,6,7,7,0,0,0,6.0,20,0,0
253,254,22.0,1,4,4,0,0,0,1.0,74,0,24
254,255,5.0,2,0,0,0,0,0,2.0,22,0,5
255,256,23.0,9,5,9,1,0,0,9.0,22,0,25
256,257,22.0,4,3,4,1,0,0,3.0,0,5,24
257,258,0.0,0,6,6,0,0,0,0.0,42,0,0
258,259,2.0,1,7,7,0,0,0,7.0,0,8,2
259,260,3.0,3,2,2,0,0,0,3.0,27,0,3
260,261,7.0,6,1,6,1,0,0,1.0,0,5,7
261,262,1.0,9,5,5,0,0,0,5.0,0,7,1
262,263,4.0,2,0,2,1,0,0,0.0,0,5,4
263,264,2.0,4,7,4,1,0,0,7.0,0,5,2
264,265,23.0,1,9,1,1,0,0,9.0,0,7,25
265,266,4.0,5,0,0,0,0,0,5.0,2,0,4
266,267,0.0,2,6,2,1,0,0,2.0,59,0,0
267,268,3.0,3,7,7,0,0,0,7.0,0,7,3
268,269,5.0,4,2,4,1,0,0,2.0,0,5,5
269,270,0.0,9,6,9,1,0,0,6.0,0,6,0
270,271,1.0,5,0,5,1,0,0,0.0,0,8,1
271,272,6.0,4,7,4,1,0,0,7.0,0,9,6
272,273,7.0,1,9,9,0,0,0,1.0,13,0,7
273,274,1.0,5,6,6,0,0,0,6.0,0,5,1
274,275,7.0,2,1,2,1,0,0,1.0,0,7,7
275,276,2.0,9,7,7,0,0,0,9.0,20,0,2
276,277,3.0,3,5,3,1,0,0,5.0,0,6,3
277,278,17.0,4,0,0,0,0,0,0.0,0,5,19
278,279,5.0,6,2,2,0,0,0,6.0,46,0,5
279,280,23.0,9,7,9,1,0,0,7.0,0,8,25
280,281,1.0,5,3,5,1,0,0,3.0,0,4,1
281,282,23.0,4,9,4,1,0,0,4.0,18,0,25
282,283,2.0,7,3,3,0,0,0,7.0,37,0,2
283,284,7.0,5,1,5,1,0,0,5.0,7,0,7
284,285,4.0,0,6,0,1,0,0,0.0,47,0,4
285,286,2.0,7,2,7,1,0,0,7.0,1,0,2
286,287,3.0,4,3,3,0,0,0,3.0,0,5,3
287,288,7.0,1,0,1,1,0,0,0.0,0,5,7
288,289,17.0,4,9,4,1,0,0,4.0,13,0,19
289,290,5.0,2,7,2,1,0,0,7.0,0,6,5
290,291,0.0,6,5,5,0,0,0,5.0,0,4,0
291,292,23.0,3,9,3,1,0,0,3.0,1,0,25
292,293,7.0,1,4,1,1,0,0,1.0,10,0,7
293,294,4.0,0,9,0,1,0,0,0.0,7,0,4
294,295,1.0,2,5,2,1,0,0,2.0,43,0,1
295,296,3.0,1,3,3,0,0,0,3.0,0,2,3
296,297,0.0,4,6,6,0,0,0,6.0,0,5,0
297,298,2.0,7,0,7,1,0,0,0.0,0,6,2
298,299,23.0,9,2,9,1,0,0,2.0,0,7,25
299,300,6.0,5,4,4,0,0,0,5.0,25,0,6
300,301,3.0,3,6,6,0,0,0,6.0,0,9,3
301,302,5.0,2,1,1,0,0,0,1.0,0,4,5
302,303,23.0,6,9,9,0,0,0,6.0,35,0,25
303,304,4.0,3,0,3,1,0,0,3.0,27,0,4
304,305,7.0,7,1,1,0,0,0,1.0,0,9,7
305,306,5.0,2,9,2,1,0,0,2.0,45,0,5
306,307,1.0,4,5,4,1,0,0,5.0,0,4,1
307,308,0.0,6,3,3,0,0,0,3.0,0,5,0
308,309,4.0,0,1,1,0,0,0,1.0,0,5,4
309,310,2.0,5,7,5,1,0,0,7.0,0,5,2
310,311,3.0,0,3,3,0,0,0,0.0,32,0,3
311,312,19.0,1,5,5,0,0,0,5.0,0,6,21
312,313,2.0,6,7,7,0,0,0,6.0,21,0,2
313,314,6.0,2,4,2,1,0,0,4.0,0,5,6
314,315,19.0,5,7,7,0,0,0,7.0,0,6,21
315,316,23.0,0,9,0,1,0,0,0.0,34,0,25
316,317,6.0,4,6,6,0,0,0,4.0,9,0,6
317,318,5.0,2,3,2,1,0,0,3.0,0,10,5
318,319,23.0,0,7,0,1,0,0,0.0,18,0,25
319,320,0.0,1,3,3,0,0,0,1.0,38,0,0
320,321,7.0,1,7,7,0,0,0,1.0,86,0,7
321,322,7.0,1,0,1,1,0,0,0.0,0,5,7
322,323,4.0,7,0,0,0,0,0,0.0,0,6,4
323,324,0.0,6,3,3,0,0,0,6.0,2,0,0
324,325,6.0,10,9,9,0,0,0,10.0,22,0,6
325,326,2.0,2,7,2,1,0,0,2.0,5,0,2
326,327,7.0,3,1,3,1,0,0,3.0,9,0,7
327,328,23.0,9,5,9,1,0,0,5.0,0,8,25
328,329,6.0,6,10,6,1,1,0,10.0,0,0,6
329,330,5.0,2,0,0,0,0,0,2.0,19,0,5
330,331,3.0,3,7,3,1,0,0,3.0,44,0,3
331,332,1.0,5,1,1,0,0,0,1.0,0,10,1
332,333,0.0,0,6,6,0,0,0,6.0,0,8,0
333,334,23.0,2,9,2,1,0,0,9.0,0,7,25
334,335,2.0,7,10,7,1,0,0,10.0,0,3,2
335,336,3.0,3,9,3,1,0,0,3.0,41,0,3
336,337,7.0,6,1,1,0,0,0,1.0,0,4,7
337,338,4.0,0,10,0,1,0,0,0.0,48,0,4
338,339,5.0,5,2,2,0,0,0,2.0,0,6,5
339,340,7.0,9,1,9,1,0,0,9.0,24,0,7
340,341,1.0,5,0,0,0,0,0,5.0,4,0,1
341,342,0.0,7,6,6,0,1,0,6.0,0,0,0
342,343,23.0,10,9,9,0,0,0,10.0,11,0,25
343,344,5.0,2,3,2,1,0,0,2.0,87,0,5
344,345,2.0,1,7,1,1,0,0,1.0,86,0,2
345,346,6.0,5,10,5,1,0,0,10.0,0,5,6
346,347,4.0,0,1,0,1,0,0,1.0,0,4,4
347,348,0.0,2,6,6,0,0,0,6.0,0,7,0
348,349,2.0,3,7,3,1,0,0,7.0,0,9,2
349,350,1.0,9,5,5,0,0,0,5.0,0,7,1
350,351,7.0,2,1,2,1,0,0,1.0,0,5,7
351,352,0.0,6,9,9,0,0,0,6.0,130,0,0
352,353,19.0,5,7,7,0,0,0,5.0,7,0,21
353,354,4.0,0,3,0,1,0,0,3.0,0,5,4
354,355,7.0,10,1,10,1,0,0,1.0,0,5,7
355,356,4.0,5,0,5,1,0,0,0.0,0,6,4
356,357,5.0,10,2,10,1,0,0,2.0,0,8,5
357,358,3.0,3,6,3,1,0,0,3.0,58,0,3
358,359,7.0,1,0,0,0,0,0,1.0,14,0,7
359,360,24.0,7,9,9,0,0,0,7.0,15,0,26
360,361,5.0,6,2,2,0,0,0,2.0,0,4,5
361,362,3.0,3,5,3,1,0,0,3.0,4,0,3
362,363,23.0,1,9,1,1,0,0,1.0,37,0,25
363,364,6.0,3,10,3,1,0,0,10.0,0,7,6
364,365,24.0,0,7,0,1,0,0,7.0,0,7,26
365,366,7.0,1,5,1,1,0,0,1.0,15,0,7
366,367,23.0,6,9,6,1,0,0,6.0,17,0,25
367,368,4.0,2,0,2,1,0,0,0.0,0,8,4
368,369,6.0,7,10,7,1,0,0,10.0,0,6,6
369,370,0.0,6,5,5,0,0,0,5.0,0,7,0
370,371,3.0,3,1,3,1,0,0,3.0,60,0,3
371,372,5.0,9,2,9,1,0,0,2.0,0,5,5
372,373,0.0,10,6,10,1,0,0,6.0,0,7,0
373,374,5.0,7,2,7,1,0,0,2.0,0,9,5
374,375,3.0,3,0,3,1,0,0,3.0,65,0,3
375,376,6.0,1,10,10,0,0,0,1.0,77,0,6
376,377,1.0,5,2,2,0,0,0,2.0,0,8,1
377,378,23.0,0,9,0,1,0,0,0.0,46,0,25
378,379,2.0,6,7,7,0,0,0,6.0,4,0,2
379,380,23.0,9,3,9,1,0,0,3.0,0,5,25
380,381,1.0,10,5,5,0,0,0,10.0,30,0,1
381,382,25.0,6,0,0,0,0,0,0.0,0,5,27
382,383,5.0,1,2,2,0,0,0,2.0,0,5,5
383,384,2.0,7,5,5,0,0,0,5.0,0,5,2
384,385,3.0,10,3,10,1,0,0,3.0,0,7,3
385,386,25.0,9,0,0,0,0,0,9.0,7,0,27
386,387,7.0,1,7,1,1,0,0,1.0,33,0,7
387,388,3.0,3,2,2,0,0,0,3.0,14,0,3
388,389,1.0,6,5,5,0,0,0,5.0,0,6,1
389,390,6.0,10,2,10,1,0,0,10.0,23,0,6
390,391,19.0,5,3,3,0,0,0,5.0,50,0,21
391,392,23.0,9,7,9,1,0,0,9.0,38,0,25
392,393,0.0,6,1,1,0,0,0,6.0,24,0,0
393,394,6.0,0,10,0,1,0,0,10.0,0,5,6
394,395,2.0,1,3,1,1,0,0,1.0,48,0,2
395,396,2.0,10,2,10,1,0,0,2.0,0,4,2
396,397,4.0,2,3,2,1,0,0,3.0,0,4,4
397,398,4.0,3,1,3,1,0,0,3.0,23,0,4
398,399,26.0,0,3,0,1,0,0,0.0,41,0,28
399,400,27.0,7,6,6,0,0,0,6.0,0,8,29
400,401,26.0,1,5,1,1,0,0,5.0,0,6,28
401,402,26.0,10,2,2,0,0,0,2.0,0,4,28
402,403,,3,6,6,0,0,0,6.0,0,7,Dubai International Cricket Stadium
403,404,,0,7,0,1,0,0,7.0,0,4,Dubai International Cricket Stadium
404,405,27.0,2,5,5,0,0,0,5.0,0,7,29
405,406,26.0,1,7,1,1,0,0,1.0,93,0,28
406,407,27.0,5,10,10,0,0,0,5.0,72,0,29
407,408,,1,2,2,0,0,0,1.0,7,0,Dubai International Cricket Stadium
408,409,27.0,0,6,6,0,0,0,0.0,2,0,29
409,410,,10,7,10,1,0,0,10.0,4,0,Dubai International Cricket Stadium
410,411,,3,1,3,1,0,0,1.0,0,7,Dubai International Cricket Stadium
411,412,26.0,6,2,2,0,0,0,2.0,0,6,28
412,413,26.0,5,0,0,0,0,0,5.0,23,0,28
413,414,27.0,3,7,3,1,0,0,7.0,0,6,29
414,415,27.0,10,1,10,1,0,0,1.0,0,5,29
415,416,,6,5,5,0,0,0,5.0,0,5,Dubai International Cricket Stadium
416,417,26.0,2,0,2,1,1,0,2.0,0,0,28
417,418,,10,3,3,0,0,0,10.0,15,0,Dubai International Cricket Stadium
418,419,25.0,1,0,1,1,0,0,1.0,34,0,27
419,420,3.0,5,3,5,1,0,0,3.0,0,5,3
420,421,2.0,7,2,2,0,0,0,2.0,0,7,2
421,422,0.0,10,6,6,0,0,0,6.0,0,4,0
422,423,16.0,2,0,0,0,0,0,2.0,10,0,18
423,424,2.0,7,1,1,0,0,0,1.0,0,8,2
424,425,3.0,3,6,6,0,0,0,3.0,19,0,3
425,426,2.0,7,0,7,1,0,0,0.0,0,8,2
426,427,17.0,5,1,1,0,0,0,5.0,44,0,19
427,428,16.0,10,2,2,0,0,0,10.0,32,0,18
428,429,0.0,5,6,6,0,0,0,5.0,32,0,0
429,430,2.0,7,10,10,0,0,1,10.0,0,8,2
430,431,3.0,3,1,1,0,0,0,1.0,0,4,3
431,432,17.0,5,0,0,0,0,0,0.0,0,9,19
432,433,0.0,6,2,6,1,0,0,2.0,0,5,0
433,434,6.0,10,3,10,1,0,0,3.0,0,7,6
434,435,25.0,2,1,2,1,0,0,1.0,0,5,27
435,436,0.0,6,7,7,0,0,0,6.0,16,0,0
436,437,6.0,10,5,5,0,0,0,5.0,0,6,6
437,438,17.0,3,0,0,0,0,0,0.0,0,6,19
438,439,16.0,2,7,7,0,0,0,2.0,62,0,18
439,440,25.0,1,6,1,1,0,0,6.0,0,5,27
440,441,6.0,10,0,10,1,0,0,0.0,0,7,6
441,442,16.0,3,2,3,1,0,0,3.0,25,0,18
442,443,2.0,7,5,5,0,0,0,5.0,0,4,2
443,444,6.0,6,10,6,1,0,0,10.0,0,7,6
444,445,4.0,1,0,0,0,0,0,0.0,0,8,4
445,446,1.0,5,3,3,0,0,0,3.0,0,7,1
446,447,4.0,0,6,6,0,0,0,0.0,30,0,4
447,448,25.0,1,10,10,0,0,0,10.0,0,6,27
448,449,3.0,3,7,7,0,0,0,3.0,15,0,3
449,450,1.0,5,2,2,0,0,0,5.0,16,0,1
450,451,0.0,6,1,1,0,0,0,1.0,0,8,0
451,452,4.0,10,0,0,0,0,0,0.0,0,4,4
452,453,1.0,7,5,5,0,0,0,5.0,0,7,1
453,454,3.0,2,3,3,0,0,0,3.0,0,5,3
454,455,4.0,0,5,5,0,0,0,0.0,28,0,4
455,456,3.0,3,1,1,0,0,0,1.0,0,7,17
456,457,3.0,5,1,1,0,0,0,5.0,24,0,3
457,458,0.0,5,0,0,0,0,0,0.0,0,3,0
458,459,4.0,3,0,0,0,0,0,0.0,0,7,4
459,460,7.0,1,7,7,0,0,0,1.0,1,0,7
460,461,23.0,2,5,5,0,0,0,2.0,26,0,30
461,462,7.0,1,10,1,1,0,0,1.0,45,0,7
462,463,4.0,0,6,6,0,0,0,6.0,0,3,4
463,464,2.0,7,2,2,0,0,0,2.0,0,3,2
464,465,3.0,5,3,3,0,0,0,5.0,18,0,3
465,466,0.0,6,10,10,0,0,0,10.0,0,8,0
466,467,16.0,3,2,3,1,0,0,2.0,0,7,18
467,468,4.0,1,0,0,0,0,0,0.0,0,7,4
468,469,23.0,5,7,5,1,0,0,7.0,0,5,30
469,470,22.0,10,2,2,0,0,0,2.0,0,6,24
470,471,3.0,3,1,3,1,0,0,1.0,0,6,3
471,472,22.0,7,10,7,1,0,0,7.0,4,0,24
472,473,23.0,5,0,0,0,0,0,0.0,0,4,30
473,474,16.0,1,2,1,1,0,0,2.0,0,8,18
474,475,0.0,3,6,6,0,0,0,3.0,18,0,0
475,476,2.0,7,0,0,0,0,0,0.0,0,6,2
476,477,16.0,2,5,5,0,1,0,5.0,0,0,18
477,478,22.0,10,0,0,0,0,1,10.0,16,0,24
478,479,0.0,1,6,6,0,0,0,1.0,27,0,0
479,480,2.0,7,3,3,0,0,0,7.0,37,0,2
480,481,16.0,2,6,6,0,0,0,6.0,0,9,18
481,482,3.0,3,10,3,1,0,0,3.0,20,0,3
482,483,7.0,1,5,1,1,0,0,1.0,97,0,7
483,484,2.0,7,6,6,0,0,0,6.0,0,10,2
484,485,1.0,10,5,5,0,0,0,10.0,20,0,1
485,486,4.0,0,7,0,1,0,0,0.0,13,0,4
486,487,0.0,6,2,2,0,2,0,,0,0,0
487,488,7.0,1,0,0,0,0,0,1.0,2,0,7
488,489,2.0,5,7,7,0,0,0,7.0,0,9,2
489,490,3.0,3,2,2,0,0,0,3.0,8,0,3
490,491,0.0,0,6,6,0,0,0,6.0,0,7,0
491,492,6.0,10,1,1,0,0,0,10.0,22,0,6
492,493,1.0,3,5,3,1,0,0,3.0,23,0,1
493,494,3.0,2,7,7,0,0,0,2.0,14,0,17
494,495,7.0,1,6,1,1,0,0,1.0,24,0,7
495,496,4.0,0,10,10,0,0,0,0.0,35,0,4
496,497,3.0,7,3,7,1,0,0,3.0,0,5,3
497,498,0.0,6,5,5,0,0,0,6.0,138,0,0
498,499,3.0,10,2,2,0,0,0,10.0,7,0,17
499,500,7.0,1,3,1,1,0,0,3.0,0,6,7
500,501,4.0,5,0,5,1,0,0,0.0,0,1,4
501,502,24.0,10,7,10,1,0,0,10.0,6,0,26
502,503,3.0,6,3,6,1,0,0,6.0,39,0,3
503,504,7.0,1,2,1,1,0,0,1.0,12,0,7
504,505,6.0,10,5,10,1,0,0,10.0,5,0,6
505,506,24.0,1,7,1,1,0,0,7.0,0,6,26
506,507,1.0,5,6,6,0,0,0,5.0,22,0,1
507,508,3.0,3,0,0,0,0,0,3.0,5,0,3
508,509,6.0,10,6,10,1,0,1,6.0,0,6,6
509,510,1.0,5,1,5,1,0,0,1.0,0,7,1
510,511,3.0,2,0,2,1,0,0,2.0,9,0,17
511,512,0.0,7,6,6,0,2,0,,0,0,0
512,513,6.0,10,3,10,1,0,0,3.0,0,9,6
513,514,3.0,3,1,3,1,0,0,3.0,25,0,3
514,515,23.0,6,2,6,1,0,0,6.0,71,0,30
515,516,25.0,6,1,1,0,0,0,1.0,0,3,27
516,517,4.0,3,1,1,0,0,0,3.0,41,0,4
517,518,3.0,3,11,3,1,0,0,11.0,0,9,3
518,519,4.0,7,0,0,0,0,0,0.0,0,9,4
519,520,1.0,5,12,12,0,0,0,12.0,0,5,31
520,521,0.0,6,10,10,0,0,0,6.0,45,0,0
521,522,4.0,0,3,3,0,0,0,3.0,0,6,4
522,523,28.0,11,12,11,1,0,0,12.0,0,7,32
523,524,2.0,5,7,7,0,0,0,7.0,0,8,2
524,525,6.0,10,0,10,1,0,0,0.0,0,8,6
525,526,3.0,3,12,12,0,0,0,12.0,0,3,3
526,527,1.0,11,5,11,1,0,0,5.0,0,6,31
527,528,0.0,6,7,7,0,0,0,7.0,0,7,0
528,529,6.0,3,10,10,0,0,0,10.0,0,7,6
529,530,1.0,5,0,0,0,0,0,0.0,0,6,31
530,531,3.0,6,3,3,0,0,0,3.0,0,6,3
531,532,28.0,12,10,10,0,0,0,10.0,0,10,32
532,533,23.0,6,11,11,0,0,0,6.0,13,0,30
533,534,2.0,7,3,3,0,0,0,7.0,10,0,2
534,535,6.0,5,10,10,0,0,0,10.0,0,5,6
535,536,28.0,6,12,6,1,0,0,12.0,0,6,32
536,537,23.0,11,0,0,0,0,0,0.0,0,2,30
537,538,1.0,3,5,5,0,0,0,3.0,25,0,31
538,539,6.0,10,11,11,0,0,1,11.0,34,0,6
539,540,2.0,12,7,7,0,0,0,12.0,1,0,2
540,541,3.0,0,3,3,0,0,0,3.0,0,6,3
541,542,23.0,11,12,12,0,0,0,12.0,0,3,30
542,543,2.0,7,0,0,0,0,0,7.0,27,0,2
543,544,6.0,10,6,6,0,0,0,10.0,15,0,6
544,545,28.0,5,12,12,0,0,0,5.0,23,0,32
545,546,23.0,11,3,3,0,0,0,3.0,0,8,30
546,547,0.0,6,0,0,0,0,0,0.0,0,5,0
547,548,28.0,12,7,7,0,0,0,7.0,0,8,32
548,549,4.0,0,5,5,0,0,0,0.0,7,0,4
549,550,2.0,7,11,11,0,0,0,11.0,0,7,2
550,551,6.0,12,10,10,0,0,0,10.0,0,5,6
551,552,0.0,11,6,6,0,0,0,6.0,0,7,0
552,553,1.0,5,7,7,0,0,0,5.0,9,0,31
553,554,22.0,10,3,3,0,0,0,10.0,85,0,24
554,555,4.0,0,12,12,0,0,0,12.0,0,5,4
555,556,1.0,6,5,5,0,0,0,6.0,1,0,31
556,557,22.0,10,11,10,1,0,0,10.0,4,0,24
557,558,0.0,6,3,3,0,0,0,3.0,0,6,0
558,559,6.0,10,7,7,0,0,0,7.0,0,7,6
559,560,22.0,3,5,3,1,0,0,5.0,0,7,24
560,561,0.0,6,12,12,0,0,0,6.0,144,0,0
561,562,4.0,11,0,11,1,0,1,0.0,0,8,4
562,563,1.0,5,10,5,1,0,0,10.0,0,7,31
563,564,22.0,3,7,7,0,0,0,3.0,80,0,24
564,565,4.0,0,6,6,0,0,0,6.0,0,9,4
565,566,22.0,7,11,11,0,0,1,11.0,19,0,24
566,567,0.0,6,5,5,0,0,1,6.0,82,0,0
567,568,29.0,0,12,12,0,0,0,12.0,0,6,33
568,569,24.0,10,7,7,0,0,0,7.0,0,6,26
569,570,22.0,5,11,5,1,0,0,11.0,0,4,24
570,571,29.0,3,12,12,0,0,0,12.0,0,6,33
571,572,4.0,0,10,10,0,0,0,0.0,22,0,4
572,573,24.0,7,6,6,0,0,0,6.0,0,6,26
573,574,0.0,12,6,6,0,0,0,6.0,0,4,0
574,575,2.0,10,0,0,0,0,0,10.0,22,0,2
575,576,2.0,12,10,10,0,0,0,10.0,0,4,2
576,577,0.0,10,6,10,1,0,0,10.0,8,0,0
